agent_id,x,y,time_stamp_in_second
1,-111.938753,40.552997,55800
1,-111.938753,40.552997,55801
1,-111.938693,40.562285,55920
